country1,country2,best_copula,clayton_cvm,gumbel_cvm,gaussian_cvm,clayton_lambda_L,empirical_lambda_L,gumbel_lambda_U,gaussian_rho,n_obs
AT,BE,gumbel,5.48747118574346e-05,5.0344557599508385e-06,8.217135381955772e-06,0.0014576474488496418,0.0791514598540146,0.10788459496393532,0.14129411633081854,87672
AT,BG,gaussian,4.419552093496971e-05,9.17297734042369e-06,5.852719301790357e-06,0.0010207476816760717,0.05885036496350365,0.09443349156424219,0.1294965357166955,87670
AT,CH,gaussian,0.00014845353083914166,2.9837204194117072e-05,1.8529385670625605e-05,0.0313390069548381,0.060903284671532845,0.17153034431335845,0.22671470787584874,87672
AT,CZ,gaussian,0.00042628367216473946,6.319635479935302e-05,4.447642452820823e-05,0.39912604427050824,0.23408624229979466,0.4277923424707222,0.5622226495143698,87667
AT,DE,gaussian,0.00013242646168431713,1.2661693438104833e-05,8.854636090783013e-06,0.07708783137722859,0.12020985401459854,0.21186042208968758,0.28434028413766205,87672
AT,DK,gumbel,6.848844191871703e-05,2.9441074449990913e-06,9.586208682244297e-06,0.0007936231637020775,0.06706204379562043,0.11589979125200167,0.14392470650412623,87670
AT,EE,gumbel,3.278748356025112e-05,2.4946522540838887e-06,8.61500108240015e-06,1.1972537942413865e-08,0.04279176201372998,0.06988316819587359,0.0805666974534115,87396
AT,ES,gumbel,6.867988938796628e-05,9.715777778293706e-06,1.0893545429455995e-05,0.0031884496666425653,0.07186858316221766,0.11451108534116305,0.14690394785809763,87649
AT,FI,gumbel,4.614162227618047e-05,7.335606915726357e-06,8.141796726128604e-06,0.001272961904629794,0.06847751654873317,0.1027301056243346,0.13717317453088249,87617
AT,FR,gaussian,8.02100053290024e-05,2.3236486773864935e-05,2.853124329191179e-06,0.044145443129959154,0.08829568788501027,0.16422680679808943,0.23169457101877994,87653
AT,GB,gumbel,4.742274485544817e-05,2.277222115960545e-06,1.0512406592528667e-05,4.798531187817948e-05,0.059967585089141004,0.1008974608148705,0.12003150916472041,86378
AT,GR,gumbel,5.6923458520700667e-05,2.4985355215984308e-05,3.392721925236957e-05,2.6092090365958344e-06,0.06001825650387951,0.0846780809119303,0.1020683553453586,87636
AT,HR,gaussian,6.727980368583284e-05,1.0432216859257674e-05,8.619866172022541e-06,0.007606311577835519,0.05796010538200978,0.12725212569555788,0.17290919478309588,52608
AT,HU,gumbel,0.0008545302609448006,0.0001615783555694564,0.0005352953035434646,0.6970857804507159,0.41332116788321166,0.6628895645415325,0.8200270418495739,87671
AT,IE,gumbel,4.147828735348729e-05,7.529723994574285e-06,1.8474232761208646e-05,2.010402626277017e-06,0.06443476266911259,0.08981206001273523,0.10117009389528302,87227
AT,IT,gumbel,0.0002273095380736403,1.2162006160635722e-05,2.0143209605808743e-05,0.08882014057206977,0.0762383017575896,0.24466830595544864,0.314007595347206,87622
AT,LT,gumbel,7.915536884860666e-05,2.8340450101520025e-06,1.5148678205219165e-05,0.006804499713294875,0.07526632700324225,0.14638299385585207,0.18146383024905774,86719
AT,LU,gaussian,7.9967379270574e-05,1.0258058987231096e-05,5.49677718657019e-06,0.023869457153984305,0.07527372262773722,0.15619355612975072,0.20835482854143453,87672
AT,LV,gaussian,0.0002139001050837289,0.00012996010848228978,0.00012657302717320205,9.767625049562976e-05,0.08449417675268327,0.09284240349572603,0.10952732355617116,87587
AT,NL,gumbel,8.83558065872454e-05,9.437744940810607e-06,1.3009869892662066e-05,0.005346565861923931,0.07139598540145986,0.13543932177788842,0.17926653116287308,87672
AT,NO,gumbel,8.437073483050721e-05,1.6440182351413647e-05,2.2290320833644982e-05,0.000558465163160233,0.05247547342003194,0.10986858780826769,0.14826459817683754,87668
AT,PL,gumbel,0.00023625864103018262,8.779345785900996e-06,2.178415660920415e-05,0.15800600527334166,0.13458029197080293,0.2837746172436453,0.3664304543866376,87672
AT,PT,gaussian,2.317958560965577e-05,6.005238283933505e-06,5.703800676025829e-06,1.1811281368038866e-05,0.059534671532846715,0.06187519519733908,0.07526113504580886,87672
AT,RO,gaussian,5.500755978584654e-05,6.778167884855716e-06,6.662474570166983e-06,0.008872284671542061,0.07996344528215672,0.12384802355656199,0.16663752098932016,87550
AT,RS,gaussian,0.00042613897754316453,0.00032633583004859136,0.0003180296743353605,0.030038514323294845,0.0,0.17219962651197185,0.21662232002791748,26304
AT,SE,gumbel,4.076170660653076e-05,5.53002980681804e-06,1.148270529160072e-05,0.0018030365212086282,0.0714775062799726,0.11010507574502526,0.14181838376211017,87575
AT,SI,gaussian,0.0009826008885031967,0.0011100226722287562,0.0009706299904623638,0.0014390284266079755,0.0,0.026994379174101857,0.07540267635596946,87652
AT,SK,gaussian,0.014922000475191698,0.015112403950804347,0.014575189963183197,0.3397313356062095,0.0,0.3499936665685195,0.435603278892704,87145
BE,BG,gaussian,9.663809149078509e-06,3.380928165278607e-06,3.2833580991075926e-06,6.455921750371072e-22,0.05086678832116788,0.022131489898909784,0.028309545296881712,87670
BE,CH,gumbel,0.0006053303967744052,3.71059586580208e-05,0.00015558474634021538,0.13145155802943517,0.08371350364963503,0.3396830277392291,0.39840021093303796,87672
BE,CZ,gumbel,0.0002760974628405847,1.95214270637853e-05,3.86586190968425e-05,0.13703971056450254,0.12502851927903263,0.27477803005005264,0.35373673127942173,87667
BE,DE,gumbel,0.0008578510231661153,3.057132290628758e-05,0.00015208569507723827,0.4657742899492913,0.26961678832116787,0.5172343357662268,0.6512051393877919,87672
BE,DK,gumbel,0.00032774853153408426,1.695993110179634e-05,5.808054810630401e-05,0.11185993223034316,0.0978558394160584,0.28112054868431535,0.3487548795844477,87670
BE,EE,gumbel,0.00011873533235831397,8.057585413193542e-06,2.373517848096266e-05,0.003097097434588388,0.061556064073226543,0.14575942003714282,0.175588067714032,87396
BE,ES,gumbel,8.362180053096083e-05,3.6033752852711125e-06,1.1825099979365882e-05,0.007887996134980797,0.06846188954815152,0.1407741108788365,0.18031078264390302,87649
BE,FI,gumbel,0.0002033853557374707,2.6408881970667687e-05,4.732274830103646e-05,0.03555968251627037,0.07464049303811915,0.20424793072940983,0.2504835224299377,87617
BE,FR,gumbel,0.001431799644210479,2.268463984869364e-05,0.00030333558285422545,0.4835722467460918,0.19119324663472506,0.5840108825263615,0.701002589054381,87653
BE,GB,gumbel,0.0009778018394665747,2.289739601378682e-05,0.00018906474029240509,0.39037955856511614,0.19291338582677164,0.48977606156288656,0.5958909041245357,86378
BE,GR,gumbel,8.035618262555896e-05,1.4617804001355908e-05,2.9082723920548426e-05,4.613934156682789e-06,0.056138749429484255,0.09695433477177118,0.10604690780743913,87636
BE,HR,gaussian,7.394427872640967e-06,1.0721883417928855e-05,5.269914514163872e-06,8.25993905129866e-31,0.05057034220532319,0.013687209743129536,0.00048230056661086127,52608
BE,HU,gaussian,1.9610950616774155e-05,1.9113513988681428e-05,4.621417509217788e-06,0.0004495288859452108,0.062271897810218975,0.05547303662590308,0.09504075470670191,87671
BE,IE,gumbel,0.0004703058121365184,2.300575286595951e-05,9.751840349973529e-05,0.12141879027029524,0.07704654895666131,0.304124174488841,0.3628317085256637,87227
BE,IT,gumbel,8.805565661326685e-05,8.42127580478131e-06,2.3956153484037863e-05,0.00010767114091772753,0.0591189226204063,0.11549346241824066,0.13599274896336794,87622
BE,LT,gumbel,0.00021715534900412163,8.835166805054764e-06,4.7938037320591286e-05,0.03676631056712791,0.08717712177121771,0.2189905687051077,0.25977612513904974,86719
BE,LU,gumbel,0.001177921692572017,1.3858054697849433e-05,0.00026067523247760843,0.5273551654585156,0.24566605839416059,0.5917416795690258,0.7149954868616951,87672
BE,LV,gumbel,0.000350356949706789,0.0001289947280947435,0.00014664175586368664,0.012131418821576144,0.09522722082667276,0.1762052579651221,0.2057713049570719,87587
BE,NL,gumbel,0.0016601683431908217,3.872285361767671e-05,0.00048051225907453043,0.5843834733711999,0.26003649635036497,0.6534176702033632,0.7851436122793883,87672
BE,NO,gumbel,0.0005378375500428386,8.326847370754075e-05,0.00015791184549451725,0.09829370768282915,0.06297056810403832,0.2933073822822374,0.35368514081320623,87668
BE,PL,gumbel,0.00029783305600131503,7.36076829090119e-06,5.564086970308211e-05,0.09796408261078932,0.10675182481751824,0.27395768372564144,0.33244653936298657,87672
BE,PT,gumbel,4.297250199855543e-05,3.647973594813576e-06,7.559946268548398e-06,8.922340538777582e-05,0.06135948905109489,0.09025147142625523,0.11018489372290978,87672
BE,RO,gaussian,7.048400596568966e-06,3.777158694162141e-06,2.6224678661974836e-06,2.0824754612319056e-08,0.06372772955687528,0.031470393984389666,0.042055990495462665,87550
BE,RS,clayton,0.00032481721256696786,0.0003433466575489339,0.0003444859200623978,8.25993905129866e-31,0.0,0.013687209743129536,0.021168329208975482,26304
BE,SE,gumbel,0.00023965073049240644,2.5318073578959532e-05,5.0708497173247324e-05,0.05489585807772354,0.09271523178807947,0.22004099765662732,0.27145116575575623,87575
BE,SI,clayton,0.0011368997972891447,0.0012462784177131364,0.0013444652162209621,9.597042459453486e-07,0.0,0.013687209743129536,0.0068889397297320605,87652
BE,SK,clayton,0.016396181464286314,0.017336385257178705,0.016932242106212407,0.1679183888909056,0.0,0.2277364424827173,0.26654083765501885,87145
BG,CH,gumbel,3.410292546628612e-05,1.1569876417635746e-05,1.3108145299918375e-05,1.6241970208342328e-06,0.06462284958094398,0.057814376831446745,0.07483681005208094,87670
BG,CZ,gaussian,3.68105675317566e-05,1.6156522960200066e-05,6.550550844801676e-06,0.00010309645458148087,0.05912199426428414,0.06395786396183922,0.10223983271942776,87665
BG,DE,gaussian,1.9818477545190487e-05,1.6659862993512112e-05,4.053991988058019e-06,1.0771725139907594e-05,0.05734450816056462,0.041783465473806736,0.07302909902214991,87670
BG,DK,gaussian,9.798493508931878e-06,1.4263805724905137e-05,3.267574534068128e-06,5.983536017429404e-07,0.06285840317600352,0.02537323113990264,0.051004231040668355,87668
BG,EE,gaussian,1.9542917256319026e-05,5.1507181205202775e-06,3.8095482705335402e-06,1.7175722179585096e-07,0.05229337469532462,0.04576327339839925,0.06357103087556007,87394
BG,ES,gumbel,4.439285592620953e-05,9.874489437840924e-06,1.6112438397868305e-05,3.108665196234827e-08,0.04081182439885286,0.07140132863371473,0.08535745213126127,87647
BG,FI,gaussian,2.4388868293631776e-05,5.846707362918288e-06,3.071080578290663e-06,1.4280743758346185e-06,0.05513895015438906,0.054468418934838336,0.07585847306765682,87615
BG,FR,gaussian,3.812836729394693e-05,1.6247789215096496e-05,7.622170800344646e-06,2.225564940780254e-06,0.039479488310542564,0.05346288670823829,0.07974280449994926,87651
BG,GB,gaussian,4.149246534291885e-05,1.58339745282816e-05,6.797336784639863e-06,3.415335755429156e-05,0.05442783850100379,0.06550539087681173,0.09260926466270167,86376
BG,GR,gaussian,0.0001528648741260635,2.790035573018676e-05,1.6753435144229813e-05,0.09244200593637805,0.12246248896734334,0.2176470417253218,0.2848678291546118,87634
BG,HR,gaussian,0.00012047554388976802,3.1020845790295234e-05,7.460590773882923e-06,0.09186480962937471,0.1376425855513308,0.20135148839116246,0.27494373572752084,52606
BG,HU,gaussian,3.463158479855036e-05,8.215557229623795e-06,7.81279485582806e-06,0.0011420336318908042,0.07168063520070578,0.08792448304562739,0.12059336793825601,87669
BG,IE,gaussian,1.7430296797252842e-05,5.593231995272049e-06,1.5086980609351021e-06,8.728709604000465e-07,0.05075354609929078,0.048666454151339966,0.07095504029647966,87225
BG,IT,gumbel,0.00013166079431047836,1.0712728477883895e-05,1.3087698092073657e-05,0.07444378077675728,0.12373180414644905,0.21260496394676576,0.27887009370968396,87620
BG,LT,gaussian,1.400912270446816e-05,1.442875112986483e-05,5.718282429057969e-06,3.96034974901571e-06,0.0655110310670869,0.035040552345352305,0.058317471819639755,86717
BG,LU,gaussian,2.6639444842355697e-05,9.375828054417038e-06,7.364939007045196e-06,9.880198636411251e-13,0.052712836347595944,0.03487367045552969,0.04811016635371888,87670
BG,LV,gaussian,0.00013201111600330225,0.00016500788504023674,0.00012853804674031532,1.621283609612793e-05,0.10370697263901148,0.025845842216458248,0.0480411899699343,87585
BG,NL,gumbel,7.579995583035577e-06,1.8451377182768791e-06,1.942701376553058e-06,8.25993905129866e-31,0.0423467137185708,0.02029212711217454,0.02594847378635661,87670
BG,NO,gaussian,2.8862908791160834e-05,8.597873344018534e-06,4.135188514648969e-06,5.9890699607628696e-05,0.06263784737538597,0.0668601929225976,0.09375967761831767,87666
BG,PL,gaussian,2.571841859000817e-05,1.9982543426242512e-05,4.541779511371554e-06,0.0003581540275739662,0.07785619761799735,0.059789926518921455,0.09504652893105678,87670
BG,PT,gumbel,3.580858447466501e-05,7.806986319490053e-06,1.1852233944883078e-05,8.25993905129866e-31,0.040361711513012793,0.04480566107660833,0.04944634229573495,87670
BG,RO,gumbel,0.0008351677189748987,6.470244411930091e-05,0.0001658864142953954,0.5314991900158833,0.28773168578993824,0.549857675274767,0.694364149213694,87548
BG,RS,gumbel,0.0003424888937564879,0.00031345158895319607,0.0003152559291517768,4.591826173263939e-06,0.0,0.07090374980043146,0.08101960373411625,26303
BG,SE,gaussian,3.124857381690969e-05,7.342820883689751e-06,3.3158064076691786e-06,0.00018355299816080514,0.05337450374944861,0.07712521855072962,0.10493561468728983,87573
BG,SI,gaussian,0.0009244315876484276,0.0009146503783220808,0.0008510732139995781,0.0031516528244093876,0.0,0.07709690938715408,0.11097194549404726,87650
BG,SK,gaussian,0.017684277757082617,0.018557082404487137,0.01751985616116991,1.5283038760566306e-05,0.0,0.0153995932233153,0.03854382509148516,87143
CH,CZ,gumbel,0.00036680748676383066,3.2169065934773656e-05,7.744827997990507e-05,0.10308025987789703,0.07778030475324084,0.2723097490715056,0.33221457332078,87667
CH,DE,gumbel,0.0004998045057429343,2.5720724881970723e-05,0.00011536419965591253,0.15625102998886606,0.10184132757444873,0.33315386157010063,0.40322207213735206,87672
CH,DK,gumbel,0.00014409128314542798,5.784407934292285e-06,2.8367381183201057e-05,0.01217735219142573,0.06342350534212321,0.1752859477078874,0.21488929074834387,87670
CH,EE,gumbel,5.3737962460561726e-05,6.945277305701029e-06,1.6362511675641703e-05,0.00025002049386321757,0.07655283062113225,0.10068796309517469,0.12507160483664714,87396
CH,ES,gumbel,0.0001484687789799954,4.7021591735961796e-06,2.440183625359687e-05,0.050264525557583754,0.09433962264150944,0.20407115572923495,0.2579881910581555,87649
CH,FI,gumbel,0.00014292310390872541,2.0543921457049975e-05,2.4706348762299805e-05,0.025390290519104394,0.07939035486806187,0.17025202780242332,0.22443902215776138,87617
CH,FR,gumbel,0.0010585310028159239,4.0840422517157914e-05,0.00023918747350308402,0.35343075984424227,0.15026142305069334,0.4830789084574687,0.5719007577668953,87653
CH,GB,gumbel,0.00027685615949718826,3.083191971783357e-05,9.04380982407013e-05,0.02755570760050233,0.07378190255220418,0.23268429407384938,0.27537709109712394,86378
CH,GR,gumbel,6.108328229389155e-05,6.1132583693309845e-06,1.3473067184295629e-05,0.0009500313819649284,0.06228688338258695,0.10583672409860001,0.13998495429252714,87636
CH,HR,gaussian,1.8269547479815308e-05,2.106265010323092e-05,9.544368308605445e-06,9.965611939201553e-06,0.05409523809523809,0.033951720214842274,0.07227138795898341,52608
CH,HU,gaussian,9.411353496657031e-05,4.6262977819050974e-05,1.965911117333696e-05,0.024223936406849646,0.07001591270743351,0.13223909842340342,0.1837234318700875,87671
CH,IE,gumbel,0.000175366229292933,2.2828805997048704e-05,6.185477504270659e-05,0.008071568424055325,0.06498855835240275,0.1778222016084301,0.21562778371914934,87227
CH,IT,gumbel,0.00020062987646480917,1.234121447552737e-05,3.407149897579983e-05,0.04747080579005129,0.07185084129149613,0.21017536914268042,0.25604050904890313,87622
CH,LT,gumbel,0.00013893712643821287,8.063052882339376e-06,3.1640994564028304e-05,0.016640372669877584,0.0786908077994429,0.173589632956076,0.21754738164903914,86719
CH,LU,gumbel,0.0008704622892315719,4.037248649804207e-05,0.00020164185089124612,0.2509544368746748,0.10456922027733576,0.41673992243304414,0.4884819630399073,87672
CH,LV,gaussian,0.0002538788436312233,0.00013364035577585566,0.00012822015263653087,0.006208515194901713,0.10325221742096884,0.13670344428332215,0.16565450325341236,87587
CH,NL,gumbel,0.00044687282826874153,2.4808577341353873e-05,8.303090224149164e-05,0.15443015372344873,0.09820413730393271,0.31406789363420207,0.39089046868224575,87672
CH,NO,gumbel,0.0003108661686689107,4.1006953760287226e-05,5.7588853628119306e-05,0.07632009833838328,0.07365310297794954,0.24001725694575549,0.3094807637658121,87668
CH,PL,gumbel,0.0002629085572988185,1.5572541769260008e-05,5.126071438436482e-05,0.06813378758095355,0.08251875426233235,0.24123663754057878,0.29844269901932974,87672
CH,PT,gumbel,7.306859294669436e-05,5.7261037886238405e-06,2.2122664249965537e-05,0.0013842309467657881,0.07160718345078428,0.12390145964414545,0.14882322601609518,87672
CH,RO,gumbel,2.929687505951895e-05,5.917067059037785e-06,9.978339012286271e-06,2.462889947395043e-05,0.07073004321128042,0.06657708326625622,0.08386785946041085,87550
CH,RS,gaussian,0.0003613842977387566,0.00034866040836660874,0.00032625115935107336,3.953910495089175e-08,0.0,0.03683862766820245,0.061470310118648404,26304
CH,SE,gumbel,0.0001189242781174633,1.574758552014574e-05,2.7368874999262895e-05,0.015228545194826604,0.07959972708664999,0.15649657442594234,0.2045401474286477,87575
CH,SI,clayton,0.001151814403573556,0.0012480874318623032,0.0012443593866857303,4.353723522629906e-07,0.0,0.013687209743129536,0.015728284435443534,87652
CH,SK,gaussian,0.016313582035992643,0.016782244349810658,0.01595385968294314,0.26625544303156623,0.0,0.25981163094887605,0.3093399114625121,87145
CZ,DE,gumbel,0.0009739885242072196,1.4608909010986693e-05,0.00016740511329483966,0.4578418466923406,0.22440136830102622,0.5315811668174659,0.6582118089197291,87667
CZ,DK,gumbel,0.000342810005930548,1.5740513242644878e-05,4.887174209397317e-05,0.11082572263366562,0.08665906499429875,0.27671325342948205,0.3472100460047596,87665
CZ,EE,gumbel,0.00012664414673443572,1.0678709164902928e-05,1.8224658956780665e-05,0.013388110549698422,0.06987399770904926,0.15479451032516045,0.20030939571268944,87391
CZ,ES,gaussian,4.9094367375384875e-05,2.919211547530141e-05,1.1355714598238495e-05,0.0036358506179738725,0.07594070695553022,0.08835249670124856,0.13118024120808636,87644
CZ,FI,gaussian,4.629179312165935e-05,3.142817342664255e-05,2.912351585561211e-06,0.0191653718067368,0.08310502283105023,0.11961774471486764,0.17559386495854015,87612
CZ,FR,gumbel,0.0003001990523080636,2.6644059876930048e-05,3.327709754663891e-05,0.18704966047102564,0.13480839416058393,0.30019075197183653,0.38689103662612706,87648
CZ,GB,gumbel,0.00020732845252556618,1.0496887093104217e-05,3.488418792927402e-05,0.04011113592265005,0.07957436965070552,0.21070632688168778,0.2648500128446391,86373
CZ,GR,gumbel,6.032065751200923e-06,2.5519072204335818e-06,3.0797919995425187e-06,6.734237114486145e-09,0.07778284671532847,0.025956054259864025,0.04974132808683699,87631
CZ,HR,clayton,5.905365927351109e-06,7.63598856015521e-06,5.9734702498604225e-06,8.25993905129866e-31,0.04028886354998099,0.013687209743129536,0.008297626730864182,52607
CZ,HU,gaussian,0.000274899852007384,6.122488276210401e-05,2.3651419445635957e-05,0.2874347935799004,0.16579247434435576,0.33451390670112313,0.4451793254067599,87666
CZ,IE,gumbel,0.00012558374480235712,8.279615262706497e-06,2.5059441538762416e-05,0.010743822353894365,0.07791017415215398,0.15835063326818455,0.19900161346925876,87222
CZ,IT,gumbel,0.00010969856367651016,1.015845041581052e-05,1.2417504533647506e-05,0.018049487143570783,0.06963470319634703,0.15749533266302884,0.21101875598789466,87617
CZ,LT,gumbel,0.0002633166217162778,1.7223597159510762e-05,3.892433169809623e-05,0.08932274195608599,0.09007141211702373,0.24572160327104142,0.3130416055648517,86717
CZ,LU,gumbel,0.00038344259108774847,2.45562435255457e-05,4.534889840625814e-05,0.22249480301713034,0.11972633979475485,0.3339291785162317,0.4282392690082466,87667
CZ,LV,gaussian,0.00035803371798479494,0.00016322571938426583,0.0001481116191640203,0.044501284724332034,0.10799086757990868,0.18808734917743175,0.23692916210939324,87582
CZ,NL,gaussian,0.00021620698798658635,2.999560270798417e-05,1.6153465316596417e-05,0.1416422199261375,0.13181299885974915,0.2580057029406966,0.34270546872998203,87667
CZ,NO,gaussian,5.189288410535529e-05,2.0481873667161222e-05,2.736429679301735e-06,0.04231391584201086,0.10763968072976055,0.1515393413518169,0.21694060800081755,87663
CZ,PL,gumbel,0.0008800259519977905,2.9374948422061925e-05,0.00014962875344244573,0.4235870844837475,0.207981755986317,0.4919455528841883,0.6160462436036193,87667
CZ,PT,gaussian,4.233374649457686e-05,2.4073457685850954e-05,1.75573637146528e-05,2.3768786387228817e-05,0.06955530216647662,0.05665997195344774,0.07912758630674434,87667
CZ,RO,gaussian,4.6665426226776185e-05,1.4836634725093534e-05,7.412766250858943e-06,0.0017418302375076162,0.0641259698767686,0.08907229752004886,0.12968574949556477,87545
CZ,RS,gaussian,0.00036419548554815257,0.00037431140219103113,0.00034159283753253073,1.3990324758163275e-05,0.0,0.05699834892014444,0.08330094139892373,26304
CZ,SE,gaussian,0.00010097676402876132,3.0761053438365324e-05,8.27877489811691e-06,0.06592561402386986,0.11519160583941605,0.1837781276577135,0.2492882909564279,87570
CZ,SI,clayton,0.0009426431674820179,0.001030565479963761,0.0009684915898359794,0.00020893341278350008,0.0,0.013687209743129536,0.028747240561094317,87647
CZ,SK,gaussian,0.015772038313124244,0.016035939243962325,0.014961728281915429,0.22663413323273313,0.0,0.255243820172701,0.3264824181278708,87140
DE,DK,gumbel,0.0008131436955571471,8.286124679453906e-05,0.0001496865251658043,0.507540382639763,0.25821167883211676,0.5319050372729088,0.6760573952643661,87670
DE,EE,gumbel,0.00019344640859455305,7.613921835174109e-06,3.653232442435254e-05,0.037230305816694405,0.08649885583524028,0.2079243521938765,0.2561309183088843,87396
DE,ES,gaussian,4.1958193201590374e-05,1.4971472042692835e-05,7.510391075134121e-06,0.00975041306891085,0.09721588315837518,0.10807983140380295,0.15909405145417696,87649
DE,FI,gaussian,0.0001166648547888276,3.0120948754499842e-05,1.1074929829825264e-05,0.06597174480492642,0.11367267747089706,0.18896897070747842,0.25576752183471757,87617
DE,FR,gumbel,0.0005658861674957586,1.4251776891475715e-05,8.776787582101062e-05,0.35667853111428177,0.22861054072553047,0.4372607863951241,0.5547306142809296,87653
DE,GB,gumbel,0.0006635842253129079,2.0541989030640845e-05,0.00011197743529999141,0.2809025788594599,0.135016211208893,0.4075347259289128,0.5056870581891297,86378
DE,GR,gumbel,2.3878759307082366e-05,5.806952011262172e-06,6.789745322093657e-06,4.357655585223245e-07,0.07028753993610223,0.05342938743130854,0.07281949969958552,87636
DE,HR,gaussian,7.243806893098154e-06,1.098026854316956e-05,3.6157438285961364e-06,8.25993905129866e-31,0.04334600760456274,0.013687209743129536,-0.010396585850339552,52608
DE,HU,gaussian,6.512954802657842e-05,2.4073980992271307e-05,5.298030230557479e-06,0.03731468425166776,0.09603102189781022,0.1474975318312295,0.20675386625356812,87671
DE,IE,gumbel,0.00028066385509769546,9.142166262789653e-06,4.5911369074577454e-05,0.08912632767915499,0.10525108919972484,0.25782946867198353,0.3209509150915315,87227
DE,IT,gumbel,9.443729136497081e-05,7.870261129570277e-06,1.56026287420319e-05,0.006708665304149292,0.0561515635699612,0.13924195038504594,0.18471767135951564,87622
DE,LT,gumbel,0.0003640736678029484,1.4686574480080788e-05,4.7762998454283615e-05,0.1657729718557073,0.10378228782287822,0.3083676232556769,0.38822928948306223,86719
DE,LU,gumbel,0.0008555436854087344,1.8043418626463982e-05,0.00014010309993940388,0.43871076922817204,0.21008211678832117,0.508494260061108,0.6348945558768094,87672
DE,LV,gumbel,0.00046177869773107966,0.00013732013630772928,0.00014170938137574393,0.11441868069799431,0.1187485727335008,0.25733581255093263,0.31874491489666984,87587
DE,NL,gumbel,0.0005837583619553845,0.00012192085941203699,0.00013424012560592439,0.5519453932280273,0.34215328467153283,0.5355052360778647,0.6949817727153539,87672
DE,NO,gaussian,0.00019327974069046703,3.313753517654704e-05,1.2880618713345477e-05,0.17888792797949365,0.14921286789869953,0.27539745750129896,0.3713178628655805,87668
DE,PL,gumbel,0.000898373878644643,2.222341975673455e-05,0.00014120729824604515,0.4372033887460443,0.21213503649635038,0.5103015678489959,0.6384248687170639,87672
DE,PT,gaussian,5.415809452656294e-05,2.4024399092207082e-05,2.0464586407560588e-05,0.00011479624300114433,0.0666058394160584,0.07394241880352115,0.10120477170275004,87672
DE,RO,gaussian,2.302574261657654e-05,1.3106299848226199e-05,3.970985476394849e-06,0.00025499480483804656,0.07720420283234354,0.06053865274959036,0.09141981244067476,87550
DE,RS,gumbel,0.0003525650090805127,0.0003250325153674391,0.00033061657781656596,7.522113626920058e-22,0.0,0.013687209743129536,0.026539188881984168,26304
DE,SE,gaussian,0.00022006008852064324,4.0432167972488446e-05,1.7428346367153746e-05,0.19869306199373288,0.15779858415163278,0.28633021081931753,0.3793502766205117,87575
DE,SI,clayton,0.0010160486305860307,0.0011779162674326073,0.0011422264923658218,0.001595933518657955,0.0,0.013687209743129536,0.03289751058351096,87652
DE,SK,gaussian,0.016598722235713858,0.016810978921984736,0.015921374501116737,0.1578695800129409,0.0,0.20723526599419761,0.26149102858679024,87145
DK,EE,gumbel,0.0002697918597343435,9.603733574739149e-06,5.223338763838323e-05,0.04898883034500888,0.07231121281464531,0.23642959776305617,0.28296304779922177,87394
DK,ES,gumbel,1.8936705985266923e-05,1.9422446739898854e-06,4.957641058212145e-06,0.00014706888444042696,0.07576449109995435,0.07913061315874725,0.10008884823745319,87647
DK,FI,gumbel,0.00012430418279991566,6.815553935602586e-06,2.026368457888359e-05,0.031805082931696003,0.09474885844748858,0.18764679643145055,0.23549533772388256,87615
DK,FR,gumbel,0.00018059916281677437,6.940057057748271e-06,2.9143490501204895e-05,0.046272433678640285,0.08852384211727128,0.21603639582946133,0.26954956792548224,87651
DK,GB,gumbel,0.00038558829243788437,1.3491139008494386e-05,5.971549494232208e-05,0.14615048385613735,0.09863394304237091,0.3092341682604052,0.37438398573497034,86376
DK,GR,gumbel,4.831134044206246e-05,9.782303488036734e-06,1.9011171342944307e-05,2.451015862273875e-07,0.0492925604746691,0.0817980571274366,0.09259552955270912,87634
DK,HR,gumbel,6.880575777330669e-06,3.23247155763189e-06,3.4403392647082767e-06,2.472429617164703e-17,0.050190114068441066,0.039621690901142426,0.036881207364962094,52607
DK,HU,gaussian,3.1169325525471365e-05,1.3061774509275742e-05,5.72166824954939e-06,0.00030950732831728356,0.06500912408759124,0.06788977290393428,0.099923877058401,87669
DK,IE,gumbel,0.0001153089876794946,5.43737344421585e-06,1.3286210173670437e-05,0.03645614270447438,0.08828250401284109,0.1855111006289054,0.2354009768511868,87227
DK,IT,gumbel,5.549217097307202e-05,3.2327007437811776e-06,1.1373400356875591e-05,7.49673498914549e-06,0.04222780187171878,0.09179869332113144,0.10851413144351935,87621
DK,LT,gumbel,0.00039885947253056513,7.965775147878931e-06,6.363737983352282e-05,0.1580721056873581,0.10309040590405905,0.3179221692611809,0.3877111862431092,86718
DK,LU,gumbel,0.00021916852436742405,4.6432544223070885e-06,3.321273086209693e-05,0.054939052690427315,0.07960766423357664,0.23200761345279197,0.2829615349036704,87670
DK,LV,gumbel,0.0005726804652887862,0.00012898023994127432,0.00015420100724397945,0.17366477889798274,0.13998629824160766,0.3135706880796294,0.3805327440164581,87585
DK,NL,gumbel,0.00031857141368182666,1.8786648877608382e-05,2.9279233320537623e-05,0.2583436456382004,0.15875912408759124,0.3540301598689579,0.46014075111449443,87670
DK,NO,gumbel,0.00030810728315997204,1.9816450834138086e-05,4.234882353545077e-05,0.2543487189621358,0.1884124087591241,0.34836210210789575,0.45667781298011756,87666
DK,PL,gumbel,0.0006656912224594775,1.6133336051128954e-05,8.251651787846808e-05,0.33167910546810275,0.17039233576642335,0.4311504561375359,0.5371183487683735,87670
DK,PT,gumbel,2.4808801526773867e-05,1.3134809237900824e-05,1.5144608773240556e-05,8.25993905129866e-31,0.04493613138686131,0.047825848965190154,0.04373206663178865,87670
DK,RO,gaussian,9.895110674479271e-06,7.769281393234409e-06,2.6660653973476654e-06,2.3423523322687366e-06,0.06008681745487777,0.03740665911839813,0.05800894832469163,87549
DK,RS,gaussian,0.00034658717530997696,0.0003367424141572421,0.00033015353171021884,8.25993905129866e-31,0.0,0.014438416394605635,0.010236169686988393,26304
DK,SE,gaussian,0.0003981233433941246,6.610020564266583e-05,5.2464541497024884e-05,0.35411015923771677,0.2372687828271295,0.40251622589554303,0.5191700888795331,87574
DK,SI,clayton,0.0010324424087536058,0.0010655986206154502,0.0010560273454425552,3.0893365596565334e-05,0.0,0.013687209743129536,0.02467984761742846,87650
DK,SK,clayton,0.01643543830308546,0.017180332455259004,0.0166116950839403,0.07000594862303204,0.0,0.1517583344425224,0.1947561926818701,87143
EE,ES,gumbel,1.2177034895204214e-05,2.503726745391823e-06,3.2643579415332066e-06,4.961544470318814e-07,0.07540683016273207,0.048091030803916635,0.06412280716101003,87374
EE,FI,gumbel,0.0003734895264657843,2.9237607352132293e-05,4.299916307709778e-05,0.2823281909178599,0.17453046266605587,0.3779260393653405,0.4752354937074187,87341
EE,FR,gumbel,9.470468033442144e-05,5.28030389828627e-06,1.4889284130262328e-05,0.004413596987789241,0.06255728689275894,0.1394645946144839,0.1747967027125014,87377
EE,GB,gumbel,0.00012694749672826432,4.225569151261266e-06,2.627450942875016e-05,0.008084189286795149,0.06758012076172783,0.17101658023113298,0.20065462406884227,86102
EE,GR,gumbel,7.579215839405866e-05,4.263291606700391e-06,1.0781752463948774e-05,0.0019230134122622813,0.052920962199312714,0.127552640294339,0.15895695144017183,87370
EE,HR,gaussian,9.552591557887633e-06,1.1155308965605064e-05,7.4238152116153756e-06,8.25993905129866e-31,0.04430863254392666,0.04523571327457465,0.027464428909554618,52603
EE,HU,gaussian,1.631949505612273e-05,9.235515651075557e-06,8.52600125688148e-06,8.903996642065647e-09,0.06068239065720174,0.031833601925047805,0.048210002944072156,87395
EE,IE,gumbel,8.979726185793268e-05,4.880375176824839e-06,1.3371337457357815e-05,0.0012215858912865477,0.0452769478280855,0.1238122252573417,0.15309630094290322,86952
EE,IT,gumbel,3.207064923975166e-05,3.064636336395708e-06,8.890603931694675e-06,1.9540546166826852e-07,0.055415617128463476,0.06980238284745899,0.07937556146750684,87347
EE,LT,gumbel,0.0007631679542733277,1.6374809694078586e-05,0.00010788894913285119,0.35455990712513535,0.16555222504035047,0.4560481988232534,0.5616368895000723,86455
EE,LU,gumbel,0.000103324773528224,5.21911904145445e-06,1.9850055521830936e-05,0.004286938196747682,0.07167391802152508,0.14633750144062563,0.17284494380382748,87396
EE,LV,gumbel,0.0012011428555898606,0.00020485351577411475,0.00038923989979075595,0.5096757609935886,0.3268393307357323,0.5432635507333718,0.6678450158027147,87313
EE,NL,gumbel,0.00011798567062666882,4.693206778022092e-06,2.0004353110445357e-05,0.0200895200824001,0.09457293336386535,0.1803565566966554,0.22426476733331202,87396
EE,NO,gumbel,0.00016183548633155853,2.1207962157662166e-05,2.5897565269149115e-05,0.08869375091445916,0.10167162811999084,0.23070585050969705,0.2983875188881591,87392
EE,PL,gumbel,0.00033972206478489954,9.073081561081117e-06,6.393132257491893e-05,0.11001465453507749,0.10464850011449507,0.28670192238723824,0.35102667620294137,87396
EE,PT,gumbel,2.260591393891294e-05,1.126866626840749e-05,1.4271862678328303e-05,8.25993905129866e-31,0.04534005037783375,0.03655726881025534,0.035387752231084424,87396
EE,RO,gumbel,1.7558168579734523e-05,4.087193231196686e-06,4.417273370830717e-06,1.7870572510088876e-09,0.05638322255328902,0.04133387929792054,0.053644163944612605,87287
EE,RS,gaussian,0.00036841876455695336,0.0003513879886220344,0.0003299462305761585,8.25993905129866e-31,0.0,0.02043384553673544,-0.010610395735481427,26304
EE,SE,gumbel,0.0006343611736272138,1.8246163648855302e-05,9.49046768711024e-05,0.3024319059513963,0.14357682619647355,0.41893850333623006,0.5140119746364082,87309
EE,SI,gaussian,0.000980439765234021,0.0009850668552833627,0.0009776028707894331,0.0006090359176129838,0.0,0.047162839397848044,0.07332682467842183,87377
EE,SK,clayton,0.016527564646829036,0.016702086085215444,0.016650392300792204,0.03966065026973148,0.0,0.11769770289263337,0.15193896161219814,86871
ES,FI,gaussian,2.8127039310207623e-05,2.7687490314255743e-06,2.551303086218114e-06,0.0011029573031973363,0.07354956601187757,0.09474435024357697,0.1229126173504129,87594
ES,FR,gaussian,0.00021952703229187364,4.622774055029335e-05,2.725199444588976e-05,0.2416105016656743,0.1947992700729927,0.31285756627538674,0.41423538502265517,87630
ES,GB,gumbel,5.683729821027982e-05,1.2785142626891274e-05,1.53056504890715e-05,0.0041178498837259265,0.0845103033109516,0.11830769096991922,0.15299115690271375,86355
ES,GR,gumbel,6.814949821816445e-05,4.0763337903252075e-06,1.4724055030398109e-05,0.0009822900894062192,0.08108725445408863,0.11757601634108839,0.14531506080145482,87613
ES,HR,gumbel,9.032195684490441e-05,5.213769793738201e-06,1.448888032592967e-05,0.009751370754990458,0.07455306200076074,0.14465793287686735,0.18668341230899604,52602
ES,HU,gaussian,4.820054466620183e-05,1.5978320133355773e-05,8.093371336420074e-06,0.008159765320532567,0.09010036496350365,0.10940049374870786,0.14611109879158848,87648
ES,IE,gumbel,3.2826231139456086e-05,7.1358833651370985e-06,8.295104562095313e-06,0.0010509075540821905,0.07408256880733945,0.08811975685116913,0.12175643458168224,87204
ES,IT,gumbel,0.00018652625804701405,5.498264720590029e-06,2.7240784496029956e-05,0.06547423465947697,0.10027409776153495,0.2259104712134783,0.2908738831104688,87599
ES,LT,gumbel,2.1394920829899116e-05,8.63246238066444e-07,4.72393788666352e-06,4.4980226156153354e-05,0.08025830258302583,0.07570261543286394,0.09300163476057308,86696
ES,LU,gumbel,0.0001090926459375575,5.480766960506185e-06,1.2939359307618698e-05,0.03668362912996048,0.104242700729927,0.17928093659669075,0.22795258291307155,87649
ES,LV,gaussian,0.0001529275960029247,0.00012543758110105524,0.00012048316609966723,6.062661064229888e-08,0.10114155251141553,0.0442978474435507,0.054530575351249236,87564
ES,NL,gumbel,9.432505622077158e-05,5.836645093047319e-06,2.0047386417866963e-05,0.003059098383889503,0.06204379562043796,0.13368522517874148,0.16551759309298347,87649
ES,NO,gumbel,9.700932076597808e-05,1.5604819288725057e-05,1.7515929710959597e-05,0.015049225127082727,0.07664233576642336,0.152892019237292,0.19960762799237072,87645
ES,PL,gaussian,1.568045607032146e-05,5.056309253834755e-06,4.405586291376433e-06,0.0005658461734843889,0.09306569343065693,0.07252413573367678,0.1015292613546413,87649
ES,PT,gumbel,0.0007589766213570558,3.152898755390794e-05,0.0001393920660388625,0.5110875996893778,0.2958485401459854,0.5391666732446061,0.6778965824560138,87649
ES,RO,gumbel,2.9468864504589144e-05,5.228079088001049e-06,9.210493244108887e-06,0.00010332145404748724,0.06812985825331504,0.07571498068806926,0.0986480304593057,87527
ES,RS,gumbel,0.00041020424892581155,0.0003189772212625032,0.00032396018512523516,0.014515748934499615,0.0,0.15167096992967766,0.18346342716217723,26304
ES,SE,gaussian,1.3257458857563693e-05,1.0983691659082254e-05,5.628763780867753e-06,0.0009698956478770081,0.09188571428571428,0.06572659776093892,0.1019590528171736,87552
ES,SI,gaussian,0.0010232648174511403,0.0009841055850933103,0.0009756594892718349,5.095178373577063e-05,0.0,0.05520852548498989,0.08155620671212532,87629
ES,SK,clayton,0.01641805469672448,0.01723696178159061,0.016801765801191606,0.05163200698608209,0.0,0.1304474669331639,0.1654241692576475,87124
FI,FR,gaussian,0.00011745779374462475,2.7723425405815316e-05,3.44061714818145e-06,0.10723857201963653,0.11486640785567481,0.2220124591746182,0.3027077440173228,87598
FI,GB,gumbel,0.00018297570591895043,2.8211551020768498e-05,5.002939533633125e-05,0.02655226394404094,0.08873957367933272,0.1968339126057428,0.2364096032557589,86323
FI,GR,gumbel,0.0003040179887222061,1.1811688705554303e-05,5.272849874586147e-05,0.09137393863740938,0.08883306691025349,0.2625300299285105,0.3223274774293671,87582
FI,HR,gumbel,8.164211754645414e-05,1.4500042839494315e-05,3.462355747700455e-05,0.00012891630869251694,0.0676548840744964,0.12047079931391758,0.1356122153015682,52608
FI,HU,clayton,3.520081524395252e-06,1.4511464070986058e-05,4.746892098884775e-06,2.6712317669309936e-05,0.07532526820360648,0.013875275412146948,0.04837556733286043,87616
FI,IE,gumbel,0.00010498151428616565,1.660898718094376e-05,1.914863350728708e-05,0.015667814337073704,0.06792106470858192,0.15412134886037365,0.2007453131364418,87172
FI,IT,gumbel,3.0230923135835396e-05,6.660466644282054e-06,1.3871511074941104e-05,0.0008160504119676487,0.09844677935130196,0.09298001496001573,0.12314978440861826,87567
FI,LT,gumbel,0.00031041652544901404,7.597145799855551e-06,4.4716314317006494e-05,0.1682901400373598,0.1121365943700969,0.31837597935806605,0.3946438378009492,86666
FI,LU,gumbel,0.00021985465440442294,3.325371382470417e-05,3.714469784996094e-05,0.06990308316663908,0.07486875142661492,0.22451002093850758,0.2763597787129082,87617
FI,LV,gaussian,0.00041756341039213583,0.00011564392976392575,0.00010266359209681655,0.17671091377727416,0.16316270566727606,0.29445603134729503,0.36911920060218106,87535
FI,NL,gumbel,0.0003959338745230942,2.5369107829589788e-05,4.381392551502137e-05,0.2374134731159523,0.13353115727002968,0.34891726103280263,0.43697145760096257,87617
FI,NO,gumbel,0.0007511496759086409,7.980185230694153e-05,0.00015808575259677266,0.41808333026759453,0.1853458114585711,0.4682213365699972,0.5831960756857774,87614
FI,PL,gumbel,0.0001886794390544143,7.006402188941307e-06,2.243890181272388e-05,0.0800190194679073,0.09381419767176444,0.23703801352025033,0.3007262951924604,87617
FI,PT,gumbel,2.7903853579004374e-05,2.677216551516863e-06,6.353596313985721e-06,1.6341589816696695e-06,0.05592330518146542,0.07139554948324056,0.08372882705325853,87617
FI,RO,gaussian,1.3116134225788895e-05,7.633919744866588e-06,1.6589515045291391e-06,5.5412705403962616e-05,0.07085714285714285,0.051790326082837845,0.08011348845729345,87495
FI,RS,gaussian,0.00040242561952620457,0.000359072523909439,0.00035371489863035934,8.25993905129866e-31,0.0,0.04865113005171473,0.05472354195815976,26304
FI,SE,gumbel,0.0009720813726135322,1.1096097817950202e-05,0.00018689924567468462,0.4868168644590871,0.24788668037468586,0.5510740837099068,0.6797285674276197,87520
FI,SI,clayton,0.0010677230946874667,0.001524611769822516,0.0014087857318127411,0.12468139812433511,0.0,0.11694568809412442,0.17356548486328888,87597
FI,SK,clayton,0.015765338847696375,0.017708797750388493,0.01651642533848171,0.31485856962102954,0.0,0.27000730155289654,0.34562063466103427,87090
FR,GB,gumbel,0.0004598919408326333,6.511160778150785e-06,7.901973350238956e-05,0.2068565183686323,0.13282336578581364,0.3549332146183213,0.43880249291384316,86359
FR,GR,gaussian,4.411741410743556e-05,1.1495409927495722e-05,3.264900920748193e-06,0.010449352464802296,0.08873175182481752,0.11805247888218928,0.16676040390933514,87617
FR,HR,gaussian,1.8343904621115664e-05,2.8792088987422392e-05,1.248000243386323e-05,0.0007363164581686925,0.05826351865955826,0.05506295333878253,0.10622379287254888,52602
FR,HU,gaussian,3.063432004782115e-05,3.284921281409737e-05,3.7083398995048568e-06,0.03272541846654796,0.10307867730900798,0.11935410905113364,0.17955791240177943,87652
FR,IE,gumbel,0.0002976252262495182,8.189256170087214e-06,5.434858034710721e-05,0.10268029631953145,0.10057273768613975,0.27108020447790104,0.33533990184062673,87209
FR,IT,gumbel,0.00014728712947213724,8.504823472809813e-06,2.2930388776296057e-05,0.037892898690952234,0.07981755986316989,0.1947509972204009,0.24655377827348673,87603
FR,LT,gumbel,0.00018452184428052924,6.025977967669246e-06,2.7926626704878178e-05,0.03702409939080806,0.07210320202718268,0.2079279333029722,0.258904083229605,86701
FR,LU,gumbel,0.001487736690279111,1.9562368089938792e-05,0.0004146739949917693,0.5745463617430366,0.24446978335233752,0.6434560306612316,0.7638404480290139,87653
FR,LV,gaussian,0.00032297954208912563,0.0001462884639489483,0.00014420273742896502,0.008861184584123022,0.08211678832116788,0.15608777607206337,0.1889796283602042,87570
FR,NL,gumbel,0.0006569915946762319,2.078219646212808e-05,9.768019438855354e-05,0.4042956167503787,0.21801596351197264,0.46994097463403084,0.5952883027407233,87653
FR,NO,gaussian,0.0002617463341424942,6.1363761788616e-05,2.0020848639876116e-05,0.21839398920083286,0.12910583941605838,0.30445030971926257,0.4085314268160942,87649
FR,PL,gumbel,0.00024295584568265874,8.960792336685683e-06,3.113373874452664e-05,0.10618710915884058,0.09942987457240593,0.2603200014037097,0.3260397969547687,87653
FR,PT,gumbel,0.00012029441024812712,1.749133220761437e-05,1.9311212675184204e-05,0.05916001860544943,0.10490307867730901,0.19785831813571808,0.25468468739188127,87653
FR,RO,gaussian,2.6243933411651905e-05,1.1368268369420357e-05,5.462097830400818e-06,0.0001271927888858681,0.06573841588678384,0.06129351852455356,0.08842851504610169,87531
FR,RS,clayton,0.0003493817328337045,0.0003909678435676398,0.00035931779915947075,0.0016860599057374219,0.0,0.08030478981350164,0.11669949134461677,26300
FR,SE,gaussian,0.00011651246320018429,2.7159742971561324e-05,7.032078565572099e-06,0.08170023315620213,0.11242873432155075,0.19934561566596232,0.27306950523996454,87556
FR,SI,clayton,0.00105612860829232,0.0014490966964918086,0.0011504935049746257,0.040827489816808275,0.0,0.03431824970333186,0.10752130105506305,87633
FR,SK,clayton,0.015623368698474032,0.01746616437909518,0.01578546627023424,0.27181985276615556,0.0,0.25523832628280174,0.3329111378840151,87126
GB,GR,gumbel,8.37070612663216e-05,1.0944676454796951e-05,2.7035174670795624e-05,0.00034967743661671057,0.07991660875608061,0.1157290228756489,0.13612281489585118,86342
GB,HR,gaussian,1.0291598215710082e-05,4.700370938370488e-06,3.5058527784795873e-06,1.3148391496417131e-14,0.04632152588555858,0.05379743625331046,0.04847537096694667,51375
GB,HU,gaussian,2.1594596180690777e-05,6.259086176890276e-06,5.348960097810122e-06,6.121075584791925e-07,0.05927297985644825,0.05152036578205155,0.07006956543533163,86377
GB,IE,gumbel,0.0007497077012558582,3.586730302780712e-05,0.000127908461240912,0.42577241550851574,0.21177565743542007,0.48469951147764423,0.6022418967442775,85934
GB,IT,gumbel,8.173509620381651e-05,8.958712783590344e-06,2.425672327067914e-05,0.00012462814317539637,0.05837387074357193,0.11823906120598004,0.13750674446581346,86328
GB,LT,gumbel,0.0002104693261032519,1.4256743595057125e-05,5.408154608630705e-05,0.021129608943506777,0.08099250936329588,0.21479019638320263,0.2454409642120677,85425
GB,LU,gumbel,0.00045316198076365887,1.3118919265375139e-05,9.661875716443169e-05,0.15843066425350666,0.10835841630006945,0.32973823835485283,0.39593388965242926,86378
GB,LV,gumbel,0.000347167007377784,0.00012121622587389663,0.00013780882206165026,0.013786794126405173,0.09362688296639629,0.18306436414506955,0.20925879856212512,86293
GB,NL,gumbel,0.0008345831524269933,4.047778374123934e-05,0.0001748243650106266,0.3613716907981708,0.18708034267191478,0.46795122652613563,0.566252716024974,86378
GB,NO,gumbel,0.0003619105425443814,5.238079206054399e-05,9.978918711029947e-05,0.13919081190068228,0.11183144246353323,0.29840447695193695,0.37533014975642287,86374
GB,PL,gumbel,0.0002995187533047938,1.613998527422485e-05,7.198605700651953e-05,0.039518707013096385,0.07849039129428108,0.2476768246283425,0.2894898902840829,86378
GB,PT,gumbel,5.439054678352453e-05,2.14126567879965e-05,2.775628682827269e-05,3.154623543763091e-06,0.06251447094234777,0.08012461017262917,0.09415892233754582,86378
GB,RO,gaussian,2.9442558117556992e-05,1.100689481103794e-05,5.951929209850396e-06,9.152953040495535e-05,0.07628101089728727,0.06300476642084307,0.08905457170458982,86256
GB,RS,gumbel,0.0003256711412347356,0.00030721537610543033,0.0003212244294157431,8.25993905129866e-31,0.0,0.013687209743129536,-0.025888865989208608,25113
GB,SE,gumbel,0.00022306653244069912,1.723275760943761e-05,4.8818870168260756e-05,0.0637634498583924,0.09388038942976357,0.24116466506564893,0.29272585672672835,86281
GB,SI,clayton,0.0010886203123642044,0.001254916658601536,0.0011240746211910266,0.000725040378589055,0.0,0.013687209743129536,0.039217173617547924,86358
GB,SK,clayton,0.01716805261537013,0.017418182672856955,0.017267960578152962,0.07882959190731201,0.0,0.1714744916605282,0.21068091421836407,85851
GR,HR,gumbel,5.471275937237552e-05,8.210136454705238e-06,1.4976181615104561e-05,0.028854738328694517,0.12704450361354128,0.15302035280310955,0.2078875563594496,52596
GR,HU,clayton,1.0316039347022806e-05,1.0374381158482929e-05,1.1136578737809693e-05,5.1846656241953214e-11,0.06703146374829001,0.013687209743129536,0.026408616006351325,87635
GR,IE,gumbel,5.692425400940908e-05,5.2389467738174665e-06,9.878638243495338e-06,0.0010163612791469728,0.07366020524515393,0.10274403337642646,0.13313329424682124,87191
GR,IT,gumbel,0.00017211338152425002,3.8920509915415603e-05,6.117737844328966e-05,0.02355388705817393,0.08643101482326111,0.1837075879433725,0.23698101530079405,87586
GR,LT,gumbel,9.08780638326119e-05,4.216223795797672e-06,2.3768520774575515e-05,0.0031375522483643313,0.06943171402383135,0.14298729704421076,0.16987699912181425,86685
GR,LU,gumbel,6.016269697485931e-05,6.941943035575529e-06,1.1085185923560591e-05,0.00014177116229980511,0.05585955312357501,0.09170337138984608,0.11620122467497725,87636
GR,LV,gaussian,0.00023506721580566535,0.00012200886306904573,0.00011348477122408842,0.0011592779169121111,0.0851403789089249,0.11780669512978226,0.14183171045371448,87552
GR,NL,gumbel,0.00019645011503628728,2.05722339737011e-05,2.6415569654594184e-05,0.05088417682720979,0.0873233014135887,0.20284872050024538,0.26234021507381317,87636
GR,NO,gumbel,0.00041262056117893556,6.676351582686546e-05,8.668483937460477e-05,0.16311530497435034,0.08504331965344278,0.2930135270003986,0.3746680810279487,87632
GR,PL,gumbel,4.782667981024967e-05,2.7907233925754877e-06,1.129423605408694e-05,9.495801541314958e-05,0.07067943456452348,0.09657849667947871,0.1182962406900404,87636
GR,PT,gumbel,3.1912663651494343e-05,4.615170006794272e-06,1.0019739008326115e-05,2.8370989226537154e-12,0.05540355677154583,0.05730571389936778,0.06443698193953033,87636
GR,RO,gaussian,4.096906460773588e-05,2.8199457673667884e-05,7.898482691865393e-06,0.02972359639453762,0.11841204654346338,0.13008981547417298,0.18726034218044954,87516
GR,RS,gaussian,0.0003813545023001994,0.0003590872229239709,0.0003324957049587141,3.4254008337344756e-06,0.0,0.07299156369962989,0.08742048129565008,26298
GR,SE,gumbel,0.00025557774861812707,1.2426404733175059e-05,5.669354409756702e-05,0.041919865098566864,0.07434435575826683,0.22826500639092417,0.2798539444400324,87539
GR,SI,clayton,0.0009857479897569061,0.0013577897402773207,0.0012099886656692569,0.08762029673421784,0.0,0.10582684142258647,0.1693179785491067,87616
GR,SK,clayton,0.016271884819482982,0.017491894874494308,0.01751696461194661,0.21108588275879608,0.0,0.20496077402666768,0.26004976111786887,87109
HR,HU,gumbel,0.0001263737964918361,1.331723517828446e-05,2.1375364700301884e-05,0.028085097030493125,0.08869432813094785,0.16767474022723028,0.2231073840502859,52608
HR,IE,gumbel,3.595760455429141e-06,2.3085601548946374e-06,2.446718589675022e-06,5.072920535457037e-24,0.053660406285933306,0.02946428951043556,0.029929990912201554,52176
HR,IT,gaussian,0.0004237966530304761,6.761405063916577e-05,5.347869111872657e-05,0.405709610767929,0.24857251617815,0.4317818286580588,0.5581473566928913,52608
HR,LT,clayton,4.976719413738026e-06,1.1899430331254064e-05,9.086183667268823e-06,7.356295373268093e-08,0.0673772363913209,0.053545412768831735,0.056652777146255745,52577
HR,LU,gumbel,6.788836773866559e-06,3.875845848680595e-06,4.895423232295067e-06,6.910126957919917e-23,0.05177007993909402,0.02988078364243152,0.03949587998974741,52608
HR,LV,gumbel,8.063780908853684e-05,6.715302890101689e-05,6.951105390016747e-05,6.946615699154857e-12,0.09264201296225696,0.03232173628631885,0.03125090174165151,52572
HR,NL,gumbel,2.1263744617401395e-05,1.1308619399094654e-05,1.3381564665545009e-05,6.468753297949468e-22,0.03616292348686715,0.05816881280063546,0.06116531025972599,52608
HR,NO,gumbel,0.00011924232542572498,2.6904800876615258e-05,3.694368183751609e-05,0.00999103507342788,0.08831366577845451,0.1452920794035999,0.1860098262116323,52607
HR,PL,clayton,3.6455324497707872e-06,8.601293909167321e-06,5.8464556839102175e-06,1.5339863823002577e-06,0.07156452226874763,0.0236320070852456,0.045312586727458706,52608
HR,PT,gumbel,3.851987287707612e-05,6.3729963264509945e-06,1.2215638981474533e-05,2.5501044682078175e-13,0.034640274076893796,0.060167072373774166,0.07086292698900461,52608
HR,RO,gaussian,7.422195134912272e-05,3.738449324754168e-05,4.332339604697848e-06,0.09324941860393945,0.149600304529882,0.18536547094239797,0.25649224949770183,52608
HR,RS,gaussian,0.0004011948716841134,0.0003502063188559612,0.0003062841839970143,0.038481785229583,0.0,0.17383256082818543,0.21587483616100553,26304
HR,SE,gumbel,7.154481966209366e-05,6.7074252561901086e-06,1.852733812156335e-05,0.0009544447999972565,0.06813856109630757,0.11916190507066138,0.1429112076289225,52607
HR,SI,gaussian,0.0003145320429718795,7.563375249739008e-05,6.942471506268761e-05,0.14830661773765552,0.12066996574038828,0.26229876485425097,0.32882944584788354,52590
HR,SK,clayton,0.00337558232320808,0.003621158674856391,0.0034358935043194145,0.001170039997922134,0.0,0.04840842297137904,0.08099686101616371,52581
HU,IE,gumbel,1.760546166653976e-05,4.459723877267508e-06,7.764490299975645e-06,4.2901582512769383e-10,0.06166895919303072,0.04781972005407309,0.056426879062775104,87226
HU,IT,gumbel,0.00020782316365190265,2.0516105067012865e-05,2.406234650000282e-05,0.12003591073770623,0.11032434901781635,0.24670344295985047,0.3204855087391129,87621
HU,LT,gaussian,2.1119792177562906e-05,1.4536440208225127e-05,4.532283615717686e-06,0.003860913123886899,0.08439013142725386,0.08079902609856293,0.11576268863066602,86718
HU,LU,gaussian,3.662712795783622e-05,2.6121761381166647e-05,9.036388272873366e-06,0.008282604310186051,0.07595802919708029,0.09401002200324093,0.14224510850557995,87671
HU,LV,gaussian,0.0001608830052605751,0.00016684455907454724,0.00013710506825590966,3.605130844913026e-05,0.10232983097304706,0.04313309414087385,0.0639319633848971,87586
HU,NL,gaussian,1.3071414244541246e-05,1.7550744068999905e-05,6.281066453814885e-06,0.00021761481792142764,0.07208029197080291,0.041340111127785795,0.0764637187883567,87671
HU,NO,gaussian,8.544070818595838e-06,7.066246012802226e-06,6.717065758597775e-06,7.401867692771091e-07,0.062271897810218975,0.023123922726272506,0.05277220712618147,87667
HU,PL,gaussian,0.00012474688280297887,3.6833041278279275e-05,1.1485044769556636e-05,0.1318951146405749,0.13070255474452555,0.22148659758165157,0.294770512311256,87671
HU,PT,gaussian,1.4741802999061979e-05,1.1496576106451115e-05,6.843238689220227e-06,5.49118744586504e-05,0.07344890510948905,0.05010326043962854,0.06898238339301466,87671
HU,RO,gumbel,5.0107743263876613e-05,8.261104482370715e-06,9.689805689586963e-06,0.013428671254257573,0.09273640931932389,0.12601497178422827,0.169450053975876,87549
HU,RS,gaussian,0.000418740477234485,0.0003287710423487822,0.00029413052237190786,0.08884680394136593,0.0,0.1997985785714742,0.25490097713625964,26304
HU,SE,gaussian,1.079233292640455e-05,1.5764887703701728e-05,9.145217429986438e-06,0.0002331266064914933,0.0863210778716602,0.03656317296657474,0.0695977487849357,87575
HU,SI,clayton,0.0009268167243093305,0.0009678429482164251,0.0009328080656517682,5.999104255441048e-05,0.0,0.013687209743129536,0.03453578701877689,87651
HU,SK,clayton,0.01490303820284095,0.016107175926472952,0.015306064369678537,0.2817207389930748,0.0,0.2569416623469982,0.3279733730959421,87144
IE,IT,gumbel,5.408589754033072e-05,8.385922793655356e-06,2.1222483157757893e-05,1.928431298790902e-06,0.05138793301215875,0.0903259581447533,0.1072353040300214,87178
IE,LT,gumbel,8.44663320869377e-05,1.325188282059612e-06,1.2172175061451507e-05,0.012115680105379858,0.07788595271210014,0.15608886922117038,0.194650325020267,86275
IE,LU,gumbel,0.000268273674064541,1.322622378604114e-05,5.645728837028662e-05,0.04983358715763633,0.0699380875945884,0.2334343908726042,0.281718268772181,87227
IE,LV,gaussian,0.0002356765293340807,0.0001173069893037471,0.00010615646160101218,0.008554365704436013,0.10463515374024782,0.13700971987475086,0.16807927703278983,87154
IE,NL,gumbel,0.00033454868440385146,1.6553280629060445e-05,4.8546024887820285e-05,0.13477241481032215,0.09722540701673928,0.2875283693515327,0.361724788622607,87227
IE,NO,gumbel,0.00020280187738803832,3.678998342151876e-05,4.3960084352794524e-05,0.09768490279320129,0.12084384315523962,0.23338757458952553,0.3090890537584731,87223
IE,PL,gumbel,0.00013411244273035173,3.7313199710047996e-06,2.6220150726733655e-05,0.014338435602589843,0.09103416647557899,0.17682834216334276,0.2157991152760367,87227
IE,PT,gumbel,2.724124698408223e-05,9.11587342250442e-06,1.2415255711373112e-05,1.3569905374546589e-06,0.05732630130703967,0.06068179375570537,0.0737518734608396,87227
IE,RO,gaussian,1.0601645398421603e-05,3.7708214653317267e-06,1.7055217902739852e-06,2.8702664231303327e-06,0.06475315729047072,0.0446597523541179,0.0662368219274706,87108
IE,RS,gaussian,0.00033858479883528607,0.00034133320022985297,0.00033146829258238445,8.25993905129866e-31,0.0,0.013687209743129536,-0.013310547102037272,26009
IE,SE,gumbel,0.00011069878072998293,9.724265007331665e-06,1.4122672631272859e-05,0.027647526088355447,0.09180628873077806,0.16975111593985637,0.22075369704710365,87131
IE,SI,clayton,0.0010883893479862483,0.0012481120349591979,0.0011237836115391316,0.0013516188975176205,0.0,0.013687209743129536,0.06184944464008561,87213
IE,SK,gaussian,0.016963703242152347,0.017727680161966963,0.016909867194745114,0.08857429013282958,0.0,0.15402633326379989,0.19935428803537233,86711
IT,LT,gumbel,3.9249026475912835e-05,4.34127956802348e-06,1.4460840903483297e-05,0.00017227997346905535,0.07024412713035467,0.09653999099450306,0.11646345767839723,86694
IT,LU,gumbel,0.00010241691535671262,3.2857689232751764e-06,2.221611516672417e-05,0.00379462420060885,0.0614894101571396,0.14665945380333323,0.17785690768500984,87622
IT,LV,gumbel,0.00016093567601240308,0.00012199090723328997,0.0001237359645681897,2.7899543109828196e-05,0.10261108566193312,0.0680400247258588,0.08138819450919023,87537
IT,NL,gumbel,0.00010107878729405356,1.0268076649923082e-05,2.8355200146773756e-05,0.0008757803137678635,0.05784559325893874,0.12877583459164765,0.1597457490335925,87622
IT,NO,gumbel,6.95265203554679e-05,1.4681182354729428e-05,1.994897110513532e-05,0.004601974609655587,0.07061503416856492,0.12510559644144292,0.17059664271813144,87618
IT,PL,gumbel,5.1005271150062314e-05,3.368635800904052e-06,8.618557536332324e-06,0.001907555799088884,0.06923252106581644,0.11213175281201315,0.1438194047341451,87622
IT,PT,gumbel,9.506281845725045e-05,5.906206578073409e-06,2.1456590615647368e-05,0.00047430541402325373,0.04850831245729902,0.1251077330440724,0.14743887318193835,87622
IT,RO,gaussian,0.00016247164371948358,1.788342859537732e-05,1.2725685952270289e-05,0.09950200067498276,0.12351054078826765,0.22437256506965464,0.2957832458454085,87525
IT,RS,gumbel,0.000551738618636216,0.00029834256409856376,0.00033942286859589343,0.052015180246090933,0.0,0.22079158833544654,0.25917961576067855,26304
IT,SE,gumbel,2.8821098576156417e-05,7.803242694768592e-06,1.5899353485555796e-05,3.6563826427660926e-05,0.06962895098488318,0.0800530155879482,0.10468042357406983,87550
IT,SI,clayton,0.0008778797983941576,0.0010807061206202153,0.0009773265022925577,0.04484145930989006,0.0,0.10090382779558782,0.1622251305510297,87602
IT,SK,clayton,0.01638846750079046,0.01713003938972328,0.01654815202744404,0.05796579631233611,0.0,0.13038531012759935,0.17374483774458763,87095
LT,LU,gumbel,0.00023377973234447108,9.150236312366638e-06,4.499882785269193e-05,0.04088793953173578,0.07333948339483395,0.22749226428851443,0.26958170323617175,86719
LT,LV,gumbel,0.001294363186843567,0.00019071289989872002,0.0005616697826054522,0.6241689316068352,0.4779598430648511,0.6354934171156659,0.7698192693959759,86638
LT,NL,gumbel,0.0003334950047179549,9.74865719150355e-06,5.78405698063049e-05,0.1242748754753053,0.08994464944649447,0.29801501403527464,0.36659651911370583,86719
LT,NO,gumbel,0.00034579959546340963,3.6994022351124476e-05,6.581331677120798e-05,0.137016896545708,0.09109778597785978,0.28672998938739536,0.36017688813705356,86715
LT,PL,gumbel,0.0009299288200499564,9.734371340781482e-06,0.00017784248812154567,0.4692855213402813,0.23985239852398524,0.5360800389378975,0.6530242274396773,86719
LT,PT,gumbel,2.7070421560866652e-05,7.982399772722885e-06,1.2416259868655924e-05,3.1932135967121334e-18,0.060424354243542436,0.05336704531573133,0.053083270146802496,86719
LT,RO,gaussian,2.030903293900611e-05,9.805436365369027e-06,5.503247776807953e-06,1.2811544038189635e-05,0.06925207756232687,0.04809941956053554,0.07054791386429406,86686
LT,RS,gaussian,0.00038702910947210824,0.0003549721548389436,0.0003328959772704275,4.4093444346033803e-05,0.0,0.07428468352416417,0.09203648857432736,26303
LT,SE,gumbel,0.0005593980137399484,1.315274240328908e-05,8.283543335454415e-05,0.30104162095815734,0.1559040590405904,0.40907466495290334,0.505752110247672,86711
LT,SI,clayton,0.0009052881064302856,0.0012046490706155075,0.0010751233861093106,0.005061263347489485,0.0,0.026674148434589817,0.06496227133751951,86699
LT,SK,gaussian,0.016911092397593325,0.016523249220373862,0.016240987981182117,0.1604119343243555,0.0,0.20620649955107218,0.25582756094084297,86201
LU,LV,gumbel,0.000318216847786846,0.00013233386679652802,0.00014006268985577533,0.01158302789055171,0.0943137702671843,0.16636118020688895,0.19515443048763265,87587
LU,NL,gumbel,0.0009196628452868648,3.4535998889669195e-05,0.00017721444804180857,0.423590908698866,0.17408167921514944,0.5041079216134721,0.6134453483679646,87672
LU,NO,gaussian,0.0003269913621435311,5.518938325992827e-05,5.4385046829205866e-05,0.12679203793940572,0.07962582705909195,0.26574810889322253,0.3373529097558509,87668
LU,PL,gumbel,0.00031409366581154857,1.0694205360267392e-05,4.806364802640564e-05,0.12252445941644323,0.09034907597535935,0.2877806185080485,0.35281851938855024,87672
LU,PT,gumbel,6.065085597464166e-05,3.4073718058075158e-06,8.036427451259143e-06,0.000850496242783896,0.06297056810403832,0.10911678932648505,0.13507053804845193,87672
LU,RO,gaussian,2.0613428995120488e-05,5.815180569150114e-06,4.307609710184375e-06,8.230704744005152e-06,0.07023564401738733,0.05386992306328886,0.07338701218001363,87550
LU,RS,gumbel,0.0003716923568447401,0.000336825349781619,0.0003479868763368536,3.3966016136909583e-06,0.0,0.06449684844944858,0.0890541848076529,26304
LU,SE,gumbel,0.00018755925976676174,2.4584805663605356e-05,2.766737225087126e-05,0.05233170555353623,0.06811428571428571,0.20404423837724606,0.25702040323697223,87575
LU,SI,clayton,0.0011678639515322906,0.0014946391595607156,0.001348631116963484,0.014144237832470206,0.0,0.013687209743129536,0.07496885147825082,87652
LU,SK,clayton,0.015564701340662767,0.017174649583061547,0.015997236308862035,0.2111040644562333,0.0,0.233740224371892,0.2864102090191664,87145
LV,NL,gumbel,0.0003683511686895833,0.00010837223422403779,0.00011156279112756838,0.05530388739609217,0.07212010663673354,0.2218421131565358,0.27263037657390055,87587
LV,NO,gaussian,0.00041192062447791765,0.00011298559866497686,0.00010713813296258272,0.10327679657901366,0.07815350077171321,0.25049546855412297,0.3141836999071656,87583
LV,PL,gumbel,0.000768048072974627,0.00014066843604637342,0.0002041147928822041,0.3278996596329209,0.13806650764697628,0.40972263447237545,0.5000456001478313,87587
LV,PT,gumbel,0.00017053789183786615,0.00014000832874321777,0.00016021321479356385,8.25993905129866e-31,0.05107338291006033,0.02638399040718653,0.014815337517577926,87587
LV,RO,gaussian,0.00015584338372195218,0.00015473466813532686,0.00013818793081256424,1.3445306523668928e-06,0.06135916877281662,0.03492540632380359,0.054017856251053625,87467
LV,RS,gaussian,0.0004545761769291962,0.0004674543004195935,0.0004290989898373514,6.50202882623343e-17,0.0,0.015289323914140729,0.028442203567245073,26304
LV,SE,gumbel,0.0007786721229752264,0.00014684660061140424,0.00018523209855554748,0.34268781717180125,0.13385716290164165,0.41623118490706656,0.5163955909359129,87490
LV,SI,clayton,0.0011167466575235444,0.0012989244925525065,0.0012109625708707915,0.00013735447768047445,0.0,0.013873237867904953,0.03776236310393408,87569
LV,SK,clayton,0.0166502721479975,0.01857812155864196,0.01846736798150471,0.13278162352118136,0.0,0.13767881683296124,0.17231646698193068,87066
NL,NO,gumbel,0.000777700032039911,9.13634464400781e-05,0.0001411803493692465,0.40065445182476683,0.16837782340862423,0.4594828918226066,0.581883558830832,87668
NL,PL,gumbel,0.0003429557481414071,7.4113495756553405e-06,4.1263854386312676e-05,0.18590331016584777,0.1238594890510949,0.3262832434853302,0.40965151161749364,87672
NL,PT,gumbel,4.047884486647034e-05,3.4507333679999015e-06,9.40936180210349e-06,3.4406968700425975e-06,0.055656934306569344,0.0818573585745288,0.09683407073471335,87672
NL,RO,gaussian,6.603352352034951e-06,3.0481552561918146e-06,1.4645691953312812e-06,1.883442787589183e-09,0.05527638190954774,0.028762499905976124,0.04240833160275344,87550
NL,RS,gumbel,0.00038448591326391464,0.00036139827661443315,0.00036526278995808434,4.208952875526041e-24,0.0,0.03709692848985102,0.0467605501023883,26304
NL,SE,gumbel,0.00035959460916806156,1.4845692351042738e-05,4.0882554886371524e-05,0.20641687404888465,0.1294816168074903,0.32757393825297343,0.41768242895342045,87575
NL,SI,clayton,0.0012957333680276796,0.0017673786798107416,0.0015987897944984312,0.1247379697977735,0.0,0.058026233808052385,0.12662099701185164,87652
NL,SK,clayton,0.0158662205223861,0.017389142510581844,0.016162686444335033,0.3982127833652018,0.0,0.34336889576659035,0.43933746643171867,87145
NO,PL,gumbel,0.0002524385833106247,1.656412532810721e-05,3.148184330954152e-05,0.1244265267648552,0.11113646736649932,0.26931442991517796,0.3444068531370635,87668
NO,PT,gumbel,6.0487163746208574e-05,9.841932392020908e-06,1.6780828071286513e-05,2.7418535822615977e-05,0.053856686444545866,0.09568206824900138,0.11710768267083442,87668
NO,RO,gaussian,1.4540217164261596e-05,7.3601825182936415e-06,4.699802481627926e-06,0.0003363818970286716,0.07996344528215672,0.06481750980369738,0.09522461735116422,87548
NO,RS,clayton,0.0003324327055285807,0.0003334613888839391,0.0003565260587022577,8.25993905129866e-31,0.0,0.013687209743129536,-0.005171571524545976,26303
NO,SE,gumbel,0.0008110380817538359,3.8953544335172604e-05,0.00015759522959912656,0.47620368403387253,0.2553094313770267,0.5197666299705428,0.6528221580268524,87571
NO,SI,clayton,0.001202434057114863,0.001755920768523313,0.0015221814935107668,0.17782370038556505,0.0,0.11309345039055652,0.18848651715311038,87648
NO,SK,clayton,0.015104384705374257,0.017547910677687482,0.016130622639243426,0.470485315568873,0.0,0.3890742264477407,0.4922528135427041,87141
PL,PT,gumbel,3.0437513080156388e-05,1.2264304242210785e-05,1.562509820944854e-05,1.0182732655852727e-09,0.059534671532846715,0.052108882838737935,0.06039173526549917,87672
PL,RO,gaussian,3.475736770972869e-05,2.0056664669856334e-05,6.267298061531357e-06,0.0015537127962440625,0.07377798081315669,0.07660408539712549,0.11506721812438288,87550
PL,RS,gaussian,0.00037599161371899647,0.00037900559240840615,0.00031976977727083555,0.00014638377909504717,0.0,0.06841885903459644,0.10039551901092622,26304
PL,SE,gumbel,0.00038809934455021533,2.249474064380298e-05,4.629466994783454e-05,0.26457594873841234,0.17492578214204157,0.36238779705322144,0.4560391607356782,87575
PL,SI,gaussian,0.0010851823730989275,0.0010952347915152974,0.0010594004150534556,0.00010043855748862768,0.0,0.013687209743129536,0.018843662358971044,87652
PL,SK,gaussian,0.015694432660850913,0.016548253715236484,0.015573681779642766,0.22631690136721716,0.0,0.257933327112541,0.3276917072279307,87145
PT,RO,gumbel,1.878995227923153e-05,5.585460911572524e-06,8.900298692438607e-06,2.9592185816785355e-26,0.05299223389675651,0.03734687234458489,0.04145252306365402,87550
PT,RS,gaussian,0.0004017884487543931,0.00033987074963563713,0.00033847822116590993,0.0010023241163731494,0.0,0.11299914511599685,0.1319831441512775,26304
PT,SE,gumbel,2.5670813617130726e-05,1.275186442119035e-05,1.5375194317782596e-05,7.961287885326884e-10,0.05046814341173784,0.04567731087708671,0.05896021265308001,87575
PT,SI,gaussian,0.000998205916948802,0.0010637156049563903,0.000985277576269976,9.517150984787523e-26,0.0,0.013687209743129536,0.027628117755040045,87652
PT,SK,gaussian,0.016801805395496024,0.017359034880076465,0.016677091493467917,0.0016851848834080621,0.0,0.07817975284039269,0.09478422348532714,87145
RO,RS,gaussian,0.0003151088146700135,0.0003247052336238942,0.00030552599694912087,0.0024634427109713817,0.0,0.09102665762556117,0.11467633424649208,26304
RO,SE,gaussian,2.048711738618068e-05,8.276972011848265e-06,3.106409375723379e-06,0.000421590150159601,0.0648549897236812,0.07193771420462447,0.10348995276836961,87548
RO,SI,clayton,0.0008871143423920223,0.0009657548413614276,0.0009117946549785546,0.00445191294868459,0.0,0.07464367988990084,0.10482714919928028,87532
RO,SK,clayton,0.0162231180500479,0.017900424947072325,0.017193621817961413,0.0013025734063473605,0.0,0.03288136385437235,0.05209713630444314,87026
RS,SE,gumbel,0.00033935377925924744,0.00032855125724701287,0.00033696937962014105,8.25993905129866e-31,0.0,0.013687209743129536,-0.004650086939355721,26303
RS,SI,gaussian,0.00042216071382114156,0.00048304511564452426,0.0004197564550347698,0.010651924864665402,0.0,0.07862301435169172,0.11776858241434046,26286
RS,SK,clayton,0.002078154270738775,0.002162498632454161,0.0021455808920423113,0.12842898729365634,0.0,0.1879180031677543,0.21856141731244505,26287
SE,SI,clayton,0.0010478369127622847,0.001169095529049583,0.0011239637601717376,0.013944837003650588,0.0,0.06504643592201753,0.10683083475882091,87555
SE,SK,clayton,0.015970148713397084,0.017851810550908204,0.016146394232057798,0.24831265022550517,0.0,0.24394724046643268,0.30889167526628003,87049
SI,SK,clayton,0.016778013900603843,0.023176615280076966,0.020903191788172532,0.30384174251202034,0.0,0.03749109179590904,0.11339699566955377,87128
